[
{
  "model": "myapp.student",
  "pk": 1,
  "fields": {
    "name": "หล้า ทองสินธุ์",
    "dob": "1999-10-11",
    "email": "npphachbunyaaphisnth@example.org"
  }
},
{
  "model": "myapp.student",
  "pk": 2,
  "fields": {
    "name": "คำปลิว หอมพิกุล",
    "dob": "2006-05-20",
    "email": "nphntwaathaa@example.com"
  }
},
{
  "model": "myapp.student",
  "pk": 3,
  "fields": {
    "name": "สุรวัช นาคะนคร",
    "dob": "1995-06-26",
    "email": "nwlchwiiudmlaksn@example.net"
  }
},
{
  "model": "myapp.student",
  "pk": 4,
  "fields": {
    "name": "โสภณ จันอ้น",
    "dob": "1998-12-19",
    "email": "thungenginsuththinath@example.org"
  }
},
{
  "model": "myapp.student",
  "pk": 5,
  "fields": {
    "name": "พิไลพร สุวรรณหงษ์",
    "dob": "2003-11-15",
    "email": "tchuusaar@example.org"
  }
},
{
  "model": "myapp.student",
  "pk": 6,
  "fields": {
    "name": "โสภณิตา ธีวร",
    "dob": "2002-09-29",
    "email": "wiiraochtinuchaenwnum@example.org"
  }
},
{
  "model": "myapp.student",
  "pk": 7,
  "fields": {
    "name": "ณภัทร ราชมณี",
    "dob": "1994-08-02",
    "email": "nthrrmthinnaa@example.org"
  }
},
{
  "model": "myapp.student",
  "pk": 8,
  "fields": {
    "name": "คำ แน่นดุจป้อม",
    "dob": "2001-04-15",
    "email": "buyethiiynnaakknk@example.com"
  }
},
{
  "model": "myapp.student",
  "pk": 9,
  "fields": {
    "name": "จันทนา เนื้อนุ่ม",
    "dob": "1998-01-27",
    "email": "dilk51@example.com"
  }
},
{
  "model": "myapp.student",
  "pk": 10,
  "fields": {
    "name": "อารีย์ ถาวระวรณ์",
    "dob": "2006-05-24",
    "email": "rnamthwach@example.net"
  }
},
{
  "model": "myapp.student",
  "pk": 11,
  "fields": {
    "name": "ประวี นิลวิมล",
    "dob": "2006-10-17",
    "email": "hchaphphrrnthnkuur@example.net"
  }
},
{
  "model": "myapp.student",
  "pk": 12,
  "fields": {
    "name": "จิฬาภรณ์ วิลาสินี",
    "dob": "1996-06-21",
    "email": "namephchryaangswy@example.org"
  }
},
{
  "model": "myapp.student",
  "pk": 13,
  "fields": {
    "name": "จิฬาภรณ์ พานเกล้า",
    "dob": "2002-12-02",
    "email": "xchatrphiethiiyngkham@example.net"
  }
},
{
  "model": "myapp.student",
  "pk": 14,
  "fields": {
    "name": "ใกล้รุ่ง นิษประปัญจ์",
    "dob": "1996-05-08",
    "email": "khamenkpannwachr@example.net"
  }
},
{
  "model": "myapp.student",
  "pk": 15,
  "fields": {
    "name": "วิทูลย์ ศรีสัตย์",
    "dob": "2002-01-14",
    "email": "jnaameswtr@example.net"
  }
},
{
  "model": "myapp.student",
  "pk": 16,
  "fields": {
    "name": "พรปราณี คำลือ",
    "dob": "2007-05-22",
    "email": "etmiyaedchsuthaawii@example.org"
  }
},
{
  "model": "myapp.student",
  "pk": 17,
  "fields": {
    "name": "สิรวัฒน์ ร่มธิติรัตน์",
    "dob": "1997-06-16",
    "email": "buyyaaphirmykrphnth@example.net"
  }
},
{
  "model": "myapp.student",
  "pk": 18,
  "fields": {
    "name": "วาร์มูฮำหมัด นามขำ",
    "dob": "2002-11-14",
    "email": "wiiraochti73@example.org"
  }
},
{
  "model": "myapp.student",
  "pk": 19,
  "fields": {
    "name": "จิม ตะละภัฏ",
    "dob": "1998-10-29",
    "email": "thuupawiorcchnekthiphngs@example.org"
  }
},
{
  "model": "myapp.student",
  "pk": 20,
  "fields": {
    "name": "ธมลพรรณ ดิศดใน",
    "dob": "1998-09-17",
    "email": "eaenwphnich@example.net"
  }
},
{
  "model": "myapp.student",
  "pk": 21,
  "fields": {
    "name": "คมกฤชญ์ ด้วงโสน",
    "dob": "2003-02-10",
    "email": "chitawiirtalaphat@example.org"
  }
},
{
  "model": "myapp.student",
  "pk": 22,
  "fields": {
    "name": "คมกริบ ศรีธนะเวทย์",
    "dob": "2005-07-10",
    "email": "thaekingchsnirutt@example.net"
  }
},
{
  "model": "myapp.student",
  "pk": 23,
  "fields": {
    "name": "ศดิศ นครเทพ",
    "dob": "2003-11-29",
    "email": "nchatrphiethiiyngkham@example.org"
  }
},
{
  "model": "myapp.student",
  "pk": 24,
  "fields": {
    "name": "วาสุเทพ ทองปากน้ำ",
    "dob": "1998-07-22",
    "email": "rrcchn52@example.org"
  }
},
{
  "model": "myapp.student",
  "pk": 25,
  "fields": {
    "name": "ศิรณัฐ สาระพันธ์",
    "dob": "2001-01-15",
    "email": "maithyaeth@example.com"
  }
},
{
  "model": "myapp.student",
  "pk": 26,
  "fields": {
    "name": "ญาณพันธุ์ ทัศนสุทธิ",
    "dob": "1998-09-07",
    "email": "astaa75@example.org"
  }
},
{
  "model": "myapp.student",
  "pk": 27,
  "fields": {
    "name": "ปิยะนันท์ ไม้แดง",
    "dob": "2003-04-28",
    "email": "waathaaphaanuphl@example.org"
  }
},
{
  "model": "myapp.student",
  "pk": 28,
  "fields": {
    "name": "กุลดิลก ทศโยธิน",
    "dob": "1996-05-26",
    "email": "kitiyaathrnelisking@example.com"
  }
},
{
  "model": "myapp.student",
  "pk": 29,
  "fields": {
    "name": "อัญธิกา ดาบเพ็ชร์",
    "dob": "2007-06-29",
    "email": "xnakrb@example.org"
  }
},
{
  "model": "myapp.student",
  "pk": 30,
  "fields": {
    "name": "วิเชียร บุญญาภิรมย์",
    "dob": "2005-07-19",
    "email": "piyananth43@example.com"
  }
},
{
  "model": "myapp.student",
  "pk": 31,
  "fields": {
    "name": "เอกอธิพงษ์ ธูปะวิโรจน์",
    "dob": "1996-08-13",
    "email": "phimphpraphaayaapaolhit@example.org"
  }
},
{
  "model": "myapp.student",
  "pk": 32,
  "fields": {
    "name": "ศดิศ บุญญาไลย์",
    "dob": "2002-04-17",
    "email": "hrthay10@example.com"
  }
},
{
  "model": "myapp.student",
  "pk": 33,
  "fields": {
    "name": "ธนกิตต์ ตันเผ่า",
    "dob": "2003-10-02",
    "email": "bthayaaophchn@example.net"
  }
},
{
  "model": "myapp.student",
  "pk": 34,
  "fields": {
    "name": "กนกเนตร นับเนื่องนอ",
    "dob": "2001-01-10",
    "email": "echingchaaybunyaphaachn@example.com"
  }
},
{
  "model": "myapp.student",
  "pk": 35,
  "fields": {
    "name": "กุลเชษฐ นาคพันธุ์",
    "dob": "1997-08-15",
    "email": "piywacchn57@example.net"
  }
},
{
  "model": "myapp.student",
  "pk": 36,
  "fields": {
    "name": "สิทธิชัย เขียวขุ้ย",
    "dob": "2004-10-16",
    "email": "hmphikulnaawin@example.com"
  }
},
{
  "model": "myapp.student",
  "pk": 37,
  "fields": {
    "name": "นิมุ โพธิสัตย์",
    "dob": "2000-01-04",
    "email": "kuldilkdiitphanthu@example.net"
  }
},
{
  "model": "myapp.student",
  "pk": 38,
  "fields": {
    "name": "ราชพฤกษ์ ทองสุกเลิศ",
    "dob": "2003-03-04",
    "email": "khnaanuraksphrchnk@example.net"
  }
},
{
  "model": "myapp.student",
  "pk": 39,
  "fields": {
    "name": "กิ่งแก้ว ติณรัตน์",
    "dob": "2003-08-29",
    "email": "nathwrinthr01@example.org"
  }
},
{
  "model": "myapp.student",
  "pk": 40,
  "fields": {
    "name": "พิชญ์สินี ตันเผ่า",
    "dob": "1997-06-05",
    "email": "buynph90@example.com"
  }
},
{
  "model": "myapp.student",
  "pk": 41,
  "fields": {
    "name": "พีรภัทร์ ทับทิมไทย",
    "dob": "2007-05-31",
    "email": "naamkhamentrrdii@example.com"
  }
},
{
  "model": "myapp.student",
  "pk": 42,
  "fields": {
    "name": "วรรณกร ตระกูลไม้เรียง",
    "dob": "2003-11-21",
    "email": "phrrnpphr01@example.com"
  }
},
{
  "model": "myapp.student",
  "pk": 43,
  "fields": {
    "name": "สุภาพร สุวรรณหงษ์",
    "dob": "1994-10-28",
    "email": "cchannosphaa@example.com"
  }
},
{
  "model": "myapp.student",
  "pk": 44,
  "fields": {
    "name": "อมัด ถาวระวรณ์",
    "dob": "1998-01-28",
    "email": "naakknknubaal@example.com"
  }
},
{
  "model": "myapp.student",
  "pk": 45,
  "fields": {
    "name": "เขมจิรา พีระเพ็ญกุล",
    "dob": "2000-06-13",
    "email": "thensth28@example.net"
  }
},
{
  "model": "myapp.student",
  "pk": 46,
  "fields": {
    "name": "เรืองเกียรติ ทวีเดช",
    "dob": "2007-02-16",
    "email": "talaphatsaychaan@example.net"
  }
},
{
  "model": "myapp.student",
  "pk": 47,
  "fields": {
    "name": "มนัส ดาวอร่าม",
    "dob": "1995-07-12",
    "email": "praphathrsrnthabthimaithy@example.org"
  }
},
{
  "model": "myapp.student",
  "pk": 48,
  "fields": {
    "name": "ฐิตาพร จันอ้น",
    "dob": "2005-09-18",
    "email": "srrephchy37@example.org"
  }
},
{
  "model": "myapp.student",
  "pk": 49,
  "fields": {
    "name": "กระสุน ทศโยธิน",
    "dob": "1994-08-26",
    "email": "qhmsin@example.org"
  }
},
{
  "model": "myapp.student",
  "pk": 50,
  "fields": {
    "name": "นนทกาญจน์ ทับทิมไทย",
    "dob": "2003-02-03",
    "email": "thnmmnusynathyaadaa@example.net"
  }
},
{
  "model": "myapp.student",
  "pk": 51,
  "fields": {
    "name": "ทวีวัฒน์ แหยมศิริ",
    "dob": "2000-02-10",
    "email": "triiephrinthrbuyykalp@example.com"
  }
},
{
  "model": "myapp.student",
  "pk": 52,
  "fields": {
    "name": "มนัส ไทยสุชาต",
    "dob": "2005-06-20",
    "email": "thaekingchskhmkhaay@example.com"
  }
},
{
  "model": "myapp.student",
  "pk": 53,
  "fields": {
    "name": "ผดุงพล คำลือ",
    "dob": "2004-02-19",
    "email": "ekhmcchiraa23@example.com"
  }
},
{
  "model": "myapp.student",
  "pk": 54,
  "fields": {
    "name": "ศรายุธ งามพิเชษฐ์",
    "dob": "1998-03-28",
    "email": "hmphikulekiiyrtisakdi@example.com"
  }
},
{
  "model": "myapp.student",
  "pk": 55,
  "fields": {
    "name": "ฮานาฟี เยาวธนโชค",
    "dob": "2005-05-16",
    "email": "cchakrkrnaay59@example.com"
  }
},
{
  "model": "myapp.student",
  "pk": 56,
  "fields": {
    "name": "ฐิติวุฒิ ตันยา",
    "dob": "1998-10-28",
    "email": "ephiiyngkml03@example.com"
  }
},
{
  "model": "myapp.student",
  "pk": 57,
  "fields": {
    "name": "มนัส ตราชู",
    "dob": "2000-06-20",
    "email": "wdiitphanthu@example.com"
  }
},
{
  "model": "myapp.student",
  "pk": 58,
  "fields": {
    "name": "ขอดิเยาะ ดำริห์ชอบ",
    "dob": "2003-09-27",
    "email": "mingkhwayphrrnpphr@example.net"
  }
},
{
  "model": "myapp.student",
  "pk": 59,
  "fields": {
    "name": "ณัฐจศักดิ์ ไสยกิจ",
    "dob": "2005-11-04",
    "email": "nathphl48@example.com"
  }
},
{
  "model": "myapp.student",
  "pk": 60,
  "fields": {
    "name": "ภูวัน ยะผา",
    "dob": "1999-03-12",
    "email": "nucchrii56@example.com"
  }
},
{
  "model": "myapp.student",
  "pk": 61,
  "fields": {
    "name": "สุรนัย ไทนิยม",
    "dob": "2002-04-01",
    "email": "aiml70@example.com"
  }
},
{
  "model": "myapp.student",
  "pk": 62,
  "fields": {
    "name": "อลิษา ถนอมพลกรัง",
    "dob": "2002-07-25",
    "email": "bunyaphaachnthwiiwathn@example.org"
  }
},
{
  "model": "myapp.student",
  "pk": 63,
  "fields": {
    "name": "นรีรัตน์ ถนัดหัตถกรรม",
    "dob": "2002-09-08",
    "email": "wiiraochti35@example.net"
  }
},
{
  "model": "myapp.student",
  "pk": 64,
  "fields": {
    "name": "พชรภรณ์ พรสีมา",
    "dob": "1995-08-26",
    "email": "suphchay74@example.com"
  }
},
{
  "model": "myapp.student",
  "pk": 65,
  "fields": {
    "name": "ฐิติวุฒิ นาควงษ์",
    "dob": "2007-01-07",
    "email": "thwaschaakhnaanuraks@example.com"
  }
},
{
  "model": "myapp.student",
  "pk": 66,
  "fields": {
    "name": "บุญเทียน ตรีเภรินทร์",
    "dob": "2002-09-01",
    "email": "wanchatrnawamandr@example.com"
  }
},
{
  "model": "myapp.student",
  "pk": 67,
  "fields": {
    "name": "รวิวาน นักรบ",
    "dob": "2001-02-28",
    "email": "thngsiri09@example.net"
  }
},
{
  "model": "myapp.student",
  "pk": 68,
  "fields": {
    "name": "สหัสมณี ยาปะโลหิต",
    "dob": "2002-06-14",
    "email": "srthngpannwachr@example.com"
  }
},
{
  "model": "myapp.student",
  "pk": 69,
  "fields": {
    "name": "ยุศรอน พานเกล้า",
    "dob": "2001-09-15",
    "email": "enaameswtr@example.org"
  }
},
{
  "model": "myapp.student",
  "pk": 70,
  "fields": {
    "name": "ทองรัตน์ ทองประดิฐ",
    "dob": "1999-04-05",
    "email": "hthnuupkrn@example.com"
  }
},
{
  "model": "myapp.student",
  "pk": 71,
  "fields": {
    "name": "นาทภูวพัฒน์ ชุมวระ",
    "dob": "2004-04-30",
    "email": "duriyphanthusuphkrchnaa@example.net"
  }
},
{
  "model": "myapp.student",
  "pk": 72,
  "fields": {
    "name": "เกศรา ศิวะวรเวท",
    "dob": "2000-09-12",
    "email": "ytanephaa@example.net"
  }
},
{
  "model": "myapp.student",
  "pk": 73,
  "fields": {
    "name": "อารีย์ ถาวรายุศม์",
    "dob": "2005-09-07",
    "email": "piywacchnnisprapaycch@example.org"
  }
},
{
  "model": "myapp.student",
  "pk": 74,
  "fields": {
    "name": "วรรณชนะชัย นิลวรรณ",
    "dob": "2005-01-23",
    "email": "butdaamad@example.org"
  }
},
{
  "model": "myapp.student",
  "pk": 75,
  "fields": {
    "name": "เจษฎากร ดุษฎีวนิช",
    "dob": "2000-09-23",
    "email": "trakuulaimeriiyngcchiiraaphrn@example.org"
  }
},
{
  "model": "myapp.student",
  "pk": 76,
  "fields": {
    "name": "ขวัญรุ้ง จันอ้น",
    "dob": "1995-09-28",
    "email": "cnphtrakuul@example.org"
  }
},
{
  "model": "myapp.student",
  "pk": 77,
  "fields": {
    "name": "ปิ่นบุญญา วิลาสินี",
    "dob": "2003-08-24",
    "email": "phuththphiiraephykul@example.net"
  }
},
{
  "model": "myapp.student",
  "pk": 78,
  "fields": {
    "name": "อมัด นครเทพ",
    "dob": "2004-08-03",
    "email": "udmlaksn79@example.org"
  }
},
{
  "model": "myapp.student",
  "pk": 79,
  "fields": {
    "name": "พันเกล้า ทองอยู่",
    "dob": "2006-01-27",
    "email": "wichaa17@example.com"
  }
},
{
  "model": "myapp.student",
  "pk": 80,
  "fields": {
    "name": "จรรยพร นิติสาขา",
    "dob": "2004-07-31",
    "email": "sangkhkrdphsr@example.org"
  }
},
{
  "model": "myapp.student",
  "pk": 81,
  "fields": {
    "name": "พีรภัทร์ โพธิสัตย์",
    "dob": "1995-03-17",
    "email": "mnaathaedcha@example.net"
  }
},
{
  "model": "myapp.student",
  "pk": 82,
  "fields": {
    "name": "โอภาส ซูสารอ",
    "dob": "1999-04-20",
    "email": "suphchay56@example.com"
  }
},
{
  "model": "myapp.student",
  "pk": 83,
  "fields": {
    "name": "นิติ ดาบเงิน",
    "dob": "2000-08-15",
    "email": "uenuuengnnth@example.net"
  }
},
{
  "model": "myapp.student",
  "pk": 84,
  "fields": {
    "name": "ดิลก ทองปากน้ำ",
    "dob": "2004-06-27",
    "email": "nwlephngknkentr@example.com"
  }
},
{
  "model": "myapp.student",
  "pk": 85,
  "fields": {
    "name": "มารีนี ทีฆะ",
    "dob": "2001-08-24",
    "email": "rchiidathuuphm@example.net"
  }
},
{
  "model": "myapp.student",
  "pk": 86,
  "fields": {
    "name": "วิทูลย์ น้ำทิพย์",
    "dob": "1997-11-11",
    "email": "sukrstaatrakuulaimeriiyng@example.org"
  }
},
{
  "model": "myapp.student",
  "pk": 87,
  "fields": {
    "name": "ปฐวีกานต์ นิลวรรณ",
    "dob": "2001-06-16",
    "email": "pracchantaesnwrrnratn@example.org"
  }
},
{
  "model": "myapp.student",
  "pk": 88,
  "fields": {
    "name": "เนตรฤดี บุญศล",
    "dob": "2003-01-08",
    "email": "qaekwchlkhraam@example.com"
  }
},
{
  "model": "myapp.student",
  "pk": 89,
  "fields": {
    "name": "คำมั่น ชำนาญวาด",
    "dob": "1999-09-26",
    "email": "raachphrksthaawraayusm@example.org"
  }
},
{
  "model": "myapp.student",
  "pk": 90,
  "fields": {
    "name": "กุลภาวลัย ดาวกระจาย",
    "dob": "1998-01-28",
    "email": "suchin56@example.net"
  }
},
{
  "model": "myapp.student",
  "pk": 91,
  "fields": {
    "name": "ปภาวรินทร์ ธนูปกรณ์",
    "dob": "2000-02-28",
    "email": "thungenginbuyethiiyn@example.com"
  }
},
{
  "model": "myapp.student",
  "pk": 92,
  "fields": {
    "name": "เพียงกมล นวลเพ็ง",
    "dob": "2001-11-16",
    "email": "ekrikphlaekwyuu@example.net"
  }
},
{
  "model": "myapp.student",
  "pk": 93,
  "fields": {
    "name": "อุดมลักษณ์ นครเทพ",
    "dob": "2004-02-11",
    "email": "thiirisraa04@example.net"
  }
},
{
  "model": "myapp.student",
  "pk": 94,
  "fields": {
    "name": "ธนกิตต์ ปานสุวรรณ",
    "dob": "1996-06-21",
    "email": "thrrmthinnaaulayphr@example.com"
  }
},
{
  "model": "myapp.student",
  "pk": 95,
  "fields": {
    "name": "กิติวัฒน์ ถมปัด",
    "dob": "2000-10-17",
    "email": "naatkhaayiiphakhchnn@example.net"
  }
},
{
  "model": "myapp.student",
  "pk": 96,
  "fields": {
    "name": "ตอฮา เขียวขุ้ย",
    "dob": "1997-11-12",
    "email": "thnadaawuthsrrephchy@example.com"
  }
},
{
  "model": "myapp.student",
  "pk": 97,
  "fields": {
    "name": "สุภาพร ดาบเพ็ชร์",
    "dob": "2004-05-28",
    "email": "nnthkaaycchnkumaarbuy@example.org"
  }
},
{
  "model": "myapp.student",
  "pk": 98,
  "fields": {
    "name": "พีรภัทร์ นาคสุทิน",
    "dob": "2004-07-26",
    "email": "paaritaa75@example.net"
  }
},
{
  "model": "myapp.student",
  "pk": 99,
  "fields": {
    "name": "กระสุน ทองแท้",
    "dob": "1998-12-11",
    "email": "suaihlan08@example.org"
  }
},
{
  "model": "myapp.student",
  "pk": 100,
  "fields": {
    "name": "สัญชาน นาควงษ์",
    "dob": "1994-12-21",
    "email": "echlimrathaethmthn@example.net"
  }
}
]
